{
    "Alcaldia_Iztapalapa": [
        19.359512975412557,
        -99.09253623130095
    ],
    "Alcaldia_Gustavo_A_Madero": [
        19.482720093822408,
        -99.11312958897103
    ],
    "Alcaldia_Tlalpan": [
        19.288891024900067,
        -99.16702537548042
    ],
    "Alcaldia_Miguel_Hidalgo": [
        19.407471513671783,
        -99.19098481780767
    ]
}